Sr,NAME,ROLE
1,Muhammed MacIntyre,Storage & Organization
2,Barry French,Appliances
3,Barry French,Binders and Binder Accessories
4,Clay Rozendal,Telephones and Communication
5,Carlos Soltero,Appliances
6,Carlos Soltero,Office Furnishings
7,Carl Jackson,Binders and Binder Accessories
8,Carl Jackson,Storage & Organization
9,Monica Federle,Storage & Organization
10,Dorothy Badders,Paper
11,Neola Schneider,Paper
12,Neola Schneider,Rubber Bands
13,Carlos Daly,Appliances
14,Carlos Daly,Computer Peripherals
15,Claudia Miner,Binders and Binder Accessories
16,Neola Schneider,Office Furnishings
17,Allen Rosenblatt,Envelopes
18,Sylvia Foulston,Bookcases
19,Sylvia Foulston,Tables
20,Jim Radford,Telephones and Communication
21,Jim Radford,Telephones and Communication
22,Carlos Soltero,Labels
23,Carlos Soltero,Rubber Bands
24,Carl Ludwig,Binders and Binder Accessories
25,Carl Ludwig,Computer Peripherals
26,Don Miller,Pens & Art Supplies
27,Annie Cyprus,Pens & Art Supplies
28,Carl Ludwig,Copiers and Fax
29,Carlos Soltero,Storage & Organization
30,Grant Carroll,Pens & Art Supplies
31,Don Miller,Computer Peripherals
32,Don Miller,Paper
33,Alan Barnes,Labels
34,Alan Barnes,Telephones and Communication
35,Jack Garza,Computer Peripherals
36,Julia West,Chairs & Chairmats
37,Eugene Barchas,Binders and Binder Accessories
38,Eugene Barchas,Chairs & Chairmats
39,Eugene Barchas,Paper
40,Edward Hooks,Chairs & Chairmats
41,Brad Eason,Binders and Binder Accessories
42,Nicole Hansen,Paper
43,Dorothy Wardle,Telephones and Communication
44,Aaron Bergman,Labels
45,Jim Radford,Appliances
46,Annie Cyprus,Telephones and Communication
47,Annie Cyprus,Labels
48,Annie Cyprus,Paper
49,Annie Cyprus,Telephones and Communication
50,Annie Cyprus,Binders and Binder Accessories
51,Clay Rozendal,Computer Peripherals
52,Don Jones,Paper
53,Beth Thompson,Paper
54,Frank Price,Office Furnishings
55,Michelle Lonsdale,Telephones and Communication
56,Ann Chong,Binders and Binder Accessories
57,Ann Chong,Appliances
58,Joy Bell,Office Furnishings
59,Joy Bell,Telephones and Communication
60,Skye Norling,Paper
61,Barry Weirich,"Scissors, Rulers and Trimmers"
62,Grant Carroll,Paper
63,Grant Carroll,Paper
64,Adrian Hane,Pens & Art Supplies
65,Skye Norling,Paper
66,Skye Norling,Paper
67,Andrew Gjertsen,Storage & Organization
68,Ralph Knight,Binders and Binder Accessories
69,Dorothy Wardle,Computer Peripherals
70,Dorothy Wardle,Bookcases
71,Dorothy Wardle,Office Furnishings
72,Grant Carroll,Chairs & Chairmats
73,Barry Weirich,Envelopes
74,Beth Paige,Appliances
75,Sylvia Foulston,Chairs & Chairmats
76,Nicole Hansen,Paper
77,Nicole Hansen,Paper
78,Nicole Hansen,Storage & Organization
79,Beth Paige,Binders and Binder Accessories
80,Beth Paige,Paper
81,Beth Paige,Office Furnishings
82,Beth Paige,Paper
83,Beth Paige,Rubber Bands
84,Sylvia Foulston,Appliances
85,Bryan Davis,Storage & Organization
86,Joy Bell,Chairs & Chairmats
87,Joy Bell,Paper
88,Joy Bell,Paper
89,Alan Barnes,Labels
90,Grant Carroll,Bookcases
91,Grant Carroll,Chairs & Chairmats
92,Grant Carroll,Computer Peripherals
93,Delfina Latchford,Paper
94,Don Jones,Binders and Binder Accessories
95,Doug Bickford,Tables
96,Doug Bickford,Office Furnishings
97,Doug Bickford,Pens & Art Supplies
98,Jamie Kunitz,Pens & Art Supplies
99,Anthony Johnson,Paper
100,Ralph Knight,Telephones and Communication
101,Allen Rosenblatt,Storage & Organization
102,Barry Weirich,Binders and Binder Accessories
103,Doug Bickford,Office Furnishings
104,Carl Jackson,Labels
105,Brendan Dodson,Tables
106,Edward Hooks,Binders and Binder Accessories
107,Jamie Kunitz,Storage & Organization
108,Jamie Kunitz,Tables
109,Michelle Lonsdale,Telephones and Communication
110,Michelle Lonsdale,Office Furnishings
111,Brendan Dodson,Office Machines
112,Hunter Glantz,Binders and Binder Accessories
113,Sylvia Foulston,Office Machines
114,Eugene Barchas,Chairs & Chairmats
115,Jim Radford,Office Furnishings
116,Carlos Soltero,Copiers and Fax
117,Carlos Soltero,Storage & Organization
118,Carlos Soltero,Labels
119,Carlos Soltero,Pens & Art Supplies
120,Jim Radford,Chairs & Chairmats
121,Jim Radford,Paper
122,Grant Carroll,Storage & Organization
123,Grant Carroll,Telephones and Communication
124,Skye Norling,Appliances
125,Doug Bickford,Paper
126,Grant Carroll,Paper
127,Muhammed MacIntyre,Binders and Binder Accessories
128,Muhammed MacIntyre,Paper
129,Muhammed MacIntyre,Paper
130,Doug Bickford,Binders and Binder Accessories
131,Doug Bickford,Binders and Binder Accessories
132,Beth Thompson,Bookcases
133,Ralph Knight,Computer Peripherals
134,Carl Jackson,Appliances
135,Carl Jackson,Bookcases
136,Dorothy Badders,Office Furnishings
137,Dorothy Badders,Office Machines
138,Dorothy Badders,Pens & Art Supplies
139,Delfina Latchford,Paper
140,Julia West,Chairs & Chairmats
141,Julia West,Office Furnishings
142,Brad Eason,Office Furnishings
143,Thomas Seio,Bookcases
144,Thomas Seio,Office Furnishings
145,Thomas Seio,Paper
146,Monica Federle,Computer Peripherals
147,Monica Federle,Office Furnishings
148,Michelle Lonsdale,Computer Peripherals
149,Frank Price,Storage & Organization
150,Frank Price,Telephones and Communication
151,Bryan Davis,Paper
152,Don Jones,Binders and Binder Accessories
153,Carlos Soltero,Pens & Art Supplies
154,Carlos Soltero,"Scissors, Rulers and Trimmers"
155,Nicole Hansen,Chairs & Chairmats
156,Nicole Hansen,Tables
157,Beth Thompson,Office Furnishings
158,Beth Thompson,Pens & Art Supplies
159,Beth Thompson,Telephones and Communication
160,Nicole Hansen,Paper
161,Carlos Soltero,Paper
162,Carlos Soltero,Pens & Art Supplies
163,Dorothy Badders,Office Machines
164,Muhammed MacIntyre,Chairs & Chairmats
165,Muhammed MacIntyre,Computer Peripherals
166,Don Miller,Paper
167,Sylvia Foulston,Chairs & Chairmats
168,Becky Castell,Chairs & Chairmats
169,Dorothy Wardle,Paper
170,Dorothy Wardle,Storage & Organization
171,Dorothy Wardle,Telephones and Communication
172,Ann Chong,Binders and Binder Accessories
173,Ann Chong,Computer Peripherals
174,Ann Chong,Telephones and Communication
175,Clay Rozendal,Telephones and Communication
176,Grant Carroll,Binders and Binder Accessories
177,Brendan Dodson,Appliances
178,Carlos Daly,Storage & Organization
179,Alan Barnes,Computer Peripherals
180,Alan Barnes,Office Machines
181,Alan Barnes,Binders and Binder Accessories
182,Nicole Hansen,Pens & Art Supplies
183,Cari Schnelling,Chairs & Chairmats
184,Chad Cunningham,Paper
185,Bryan Mills,Binders and Binder Accessories
186,Bryan Mills,Telephones and Communication
187,Adrian Hane,Pens & Art Supplies
188,Adrian Hane,Pens & Art Supplies
189,Rick Reed,Office Machines
190,Heather Kirkland,Pens & Art Supplies
191,Fred Wasserman,Telephones and Communication
192,Becky Castell,Office Furnishings
193,Becky Castell,Storage & Organization
194,Beth Thompson,Office Furnishings
195,Claudia Miner,Telephones and Communication
196,Jack Lebron,Telephones and Communication
197,Alan Barnes,Envelopes
198,Carlos Soltero,Binders and Binder Accessories
199,Clay Rozendal,Paper
200,Clay Rozendal,Labels
201,Julia West,Bookcases
202,Alan Barnes,Office Machines
203,Joy Bell,Computer Peripherals
204,Joy Bell,Envelopes
205,Joy Bell,Labels
206,Jack Lebron,Pens & Art Supplies
207,Anthony Johnson,Computer Peripherals
208,Anthony Johnson,Computer Peripherals
209,Anthony Johnson,Paper
210,Eugene Barchas,Paper
211,Eugene Barchas,Telephones and Communication
212,Thomas Seio,Office Machines
213,Bryan Mills,Office Furnishings
214,Bryan Mills,Tables
215,Eugene Barchas,Office Machines
216,Sylvia Foulston,Chairs & Chairmats
217,Sylvia Foulston,Chairs & Chairmats
218,Carl Ludwig,Office Furnishings
219,Julia West,Office Furnishings
220,Don Jones,Office Machines
221,Mike Pelletier,Computer Peripherals
222,Mike Pelletier,Envelopes
223,Eugene Barchas,Binders and Binder Accessories
224,Ann Chong,Computer Peripherals
225,Ann Chong,Paper
226,Charles McCrossin,Rubber Bands
227,Annie Cyprus,Chairs & Chairmats
228,Annie Cyprus,Computer Peripherals
229,Carlos Soltero,Paper
230,Doug Bickford,Bookcases
231,Carlos Daly,Chairs & Chairmats
232,Fred Wasserman,Paper
233,Fred Wasserman,Storage & Organization
234,Sylvia Foulston,Labels
235,Michelle Lonsdale,Telephones and Communication
236,Sylvia Foulston,Binders and Binder Accessories
237,Sylvia Foulston,Computer Peripherals
238,Sylvia Foulston,Office Furnishings
239,Sylvia Foulston,Telephones and Communication
240,Charlotte Melton,Office Furnishings
241,Barry French,Computer Peripherals
242,Heather Kirkland,Computer Peripherals
243,Heather Kirkland,Storage & Organization
244,Heather Kirkland,Telephones and Communication
245,Henry Goldwyn,Office Furnishings
246,Frank Price,Office Machines
247,Jim Radford,Storage & Organization
248,Jim Radford,Telephones and Communication
249,Ralph Knight,Paper
250,Delfina Latchford,Appliances
251,Delfina Latchford,Paper
252,Roy Skaria,Binders and Binder Accessories
253,Roy Skaria,Bookcases
254,Monica Federle,Paper
255,Monica Federle,Rubber Bands
256,Charles McCrossin,Paper
257,Don Miller,Binders and Binder Accessories
258,Jeremy Lonsdale,Appliances
259,Jeremy Lonsdale,"Scissors, Rulers and Trimmers"
260,Grant Carroll,Binders and Binder Accessories
261,Carl Ludwig,Paper
262,Carlos Daly,Storage & Organization
263,Ralph Knight,Telephones and Communication
264,Cindy Schnelling,Telephones and Communication
265,Claudia Miner,Computer Peripherals
266,Roy Skaria,Pens & Art Supplies
267,Delfina Latchford,Binders and Binder Accessories
268,Edward Hooks,Binders and Binder Accessories
269,Edward Hooks,Office Machines
270,Don Miller,Bookcases
271,Grant Carroll,Binders and Binder Accessories
272,Grant Carroll,Bookcases
273,Brad Eason,Labels
274,Charles McCrossin,Copiers and Fax
275,Charles McCrossin,Storage & Organization
276,Charles McCrossin,Binders and Binder Accessories
277,Charles McCrossin,Labels
278,Bryan Mills,Telephones and Communication
279,Monica Federle,Paper
280,Michelle Lonsdale,Office Furnishings
281,Michelle Lonsdale,Chairs & Chairmats
282,Michelle Lonsdale,Chairs & Chairmats
283,Michelle Lonsdale,Computer Peripherals
284,Beth Thompson,Storage & Organization
285,Cindy Schnelling,Office Furnishings
286,Cindy Schnelling,"Scissors, Rulers and Trimmers"
287,Nicole Hansen,Appliances
288,Nicole Hansen,Storage & Organization
289,Nicole Hansen,Storage & Organization
290,Cari Schnelling,Appliances
291,Cari Schnelling,Computer Peripherals
292,Roy Skaria,Binders and Binder Accessories
293,Susan Vittorini,Paper
294,Susan Vittorini,Storage & Organization
295,Sylvia Foulston,Binders and Binder Accessories
296,Sylvia Foulston,Rubber Bands
297,Chad Cunningham,Paper
298,Chad Cunningham,Rubber Bands
299,Carlos Daly,Office Machines
300,Carlos Daly,Pens & Art Supplies
301,Grant Carroll,Appliances
302,Julia West,Office Furnishings
303,Roy Skaria,Bookcases
304,Cindy Schnelling,Telephones and Communication
305,Don Jones,Telephones and Communication
306,Beth Thompson,Paper
307,Beth Thompson,"Scissors, Rulers and Trimmers"
308,Alan Barnes,Pens & Art Supplies
309,Alan Barnes,Storage & Organization
310,Carl Ludwig,Computer Peripherals
311,Carl Ludwig,Storage & Organization
312,Carl Ludwig,Storage & Organization
313,Jamie Kunitz,Paper
314,Heather Kirkland,Binders and Binder Accessories
315,Heather Kirkland,Storage & Organization
316,Heather Kirkland,Storage & Organization
317,Doug Bickford,Paper
318,Doug Bickford,"Scissors, Rulers and Trimmers"
319,Doug Bickford,Computer Peripherals
320,Doug Bickford,Computer Peripherals
321,Carlos Daly,Office Machines
322,Toby Braunhardt,Labels
323,Toby Braunhardt,Labels
324,Toby Braunhardt,Telephones and Communication
325,Cari Schnelling,Binders and Binder Accessories
326,Thomas Seio,Appliances
327,Thomas Seio,Office Machines
328,Thomas Seio,Envelopes
329,Brendan Dodson,Binders and Binder Accessories
330,Brendan Dodson,Copiers and Fax
331,Charlotte Melton,Rubber Bands
332,Beth Thompson,Pens & Art Supplies
333,Beth Thompson,Tables
334,Eugene Barchas,Computer Peripherals
335,Michelle Lonsdale,Binders and Binder Accessories
336,Michelle Lonsdale,Binders and Binder Accessories
337,Grant Carroll,Telephones and Communication
338,Beth Paige,Telephones and Communication
339,Dorothy Wardle,Computer Peripherals
340,Muhammed MacIntyre,Storage & Organization
341,Charlotte Melton,Rubber Bands
342,Muhammed MacIntyre,Computer Peripherals
343,Claudia Miner,Computer Peripherals
344,Claudia Miner,Paper
345,Claudia Miner,Storage & Organization
346,Brendan Dodson,Storage & Organization
347,Dorothy Wardle,"Scissors, Rulers and Trimmers"
348,Mike Pelletier,Office Furnishings
349,Edward Hooks,Paper
350,Edward Hooks,Tables
351,Jamie Kunitz,Office Furnishings
352,Jamie Kunitz,Binders and Binder Accessories
353,Julia West,Chairs & Chairmats
354,Jeremy Lonsdale,Binders and Binder Accessories
355,Jeremy Lonsdale,Chairs & Chairmats
356,Jeremy Lonsdale,Office Furnishings
357,Jeremy Lonsdale,Rubber Bands
358,Cindy Schnelling,Computer Peripherals
359,Heather Kirkland,Telephones and Communication
360,Alan Barnes,Telephones and Communication
361,Hunter Glantz,Chairs & Chairmats
362,Hunter Glantz,Tables
363,Hunter Glantz,Binders and Binder Accessories
364,Julia West,Office Furnishings
365,Carlos Daly,Binders and Binder Accessories
366,Barry French,Chairs & Chairmats
367,Susan Vittorini,Binders and Binder Accessories
368,Carl Jackson,Pens & Art Supplies
369,Carl Jackson,Telephones and Communication
370,Carl Jackson,Telephones and Communication
371,Alan Barnes,Computer Peripherals
372,Charlotte Melton,Storage & Organization
373,Beth Thompson,Binders and Binder Accessories
374,Bryan Mills,Appliances
375,Alan Barnes,Appliances
376,Alan Barnes,Chairs & Chairmats
377,Beth Paige,Telephones and Communication
378,Mike Pelletier,Chairs & Chairmats
379,Delfina Latchford,Telephones and Communication
380,Susan Vittorini,Binders and Binder Accessories
381,Dorothy Wardle,Binders and Binder Accessories
382,Dorothy Wardle,Computer Peripherals
383,Dorothy Wardle,Computer Peripherals
384,Susan Vittorini,Paper
385,Jamie Kunitz,Office Furnishings
386,Fred Wasserman,Appliances
387,Doug Bickford,Appliances
388,Fred Wasserman,Telephones and Communication
389,Susan Vittorini,Envelopes
390,Doug Bickford,Envelopes
391,Claudia Miner,Envelopes
392,Claudia Miner,Binders and Binder Accessories
393,Frank Price,Binders and Binder Accessories
394,Frank Price,Telephones and Communication
395,Dorothy Wardle,Binders and Binder Accessories
396,Dorothy Wardle,Envelopes
397,Dorothy Wardle,Office Machines
398,Allen Rosenblatt,Office Furnishings
399,Dorothy Wardle,Telephones and Communication
400,Julia West,Office Furnishings
401,Ralph Knight,Telephones and Communication
402,Michelle Lonsdale,Chairs & Chairmats
403,Charlotte Melton,Office Furnishings
404,Charlotte Melton,Office Machines
405,Allen Rosenblatt,Telephones and Communication
406,Neola Schneider,Computer Peripherals
407,Neola Schneider,Paper
408,Joy Bell,Office Furnishings
409,Monica Federle,Labels
410,Jamie Kunitz,Pens & Art Supplies
411,Susan Vittorini,Binders and Binder Accessories
412,Susan Vittorini,Pens & Art Supplies
413,Susan Vittorini,Rubber Bands
414,Charles McCrossin,"Scissors, Rulers and Trimmers"
415,Cari Schnelling,"Scissors, Rulers and Trimmers"
416,Doug Bickford,Office Furnishings
417,Don Miller,Labels
418,Don Miller,Pens & Art Supplies
419,Fred Wasserman,Paper
420,Bryan Mills,Office Machines
421,Carlos Daly,Labels
422,Joy Bell,Appliances
423,Claudia Miner,Office Machines
424,Claudia Miner,Storage & Organization
425,Beth Thompson,Office Furnishings
426,Allen Rosenblatt,Labels
427,Beth Thompson,Binders and Binder Accessories
428,Beth Thompson,Tables
429,Susan Vittorini,Binders and Binder Accessories
430,Sylvia Foulston,Envelopes
431,Joy Bell,"Scissors, Rulers and Trimmers"
432,Becky Castell,Telephones and Communication
433,Carlos Daly,Telephones and Communication
434,Cari Schnelling,Office Furnishings
435,Jim Radford,Telephones and Communication
436,Allen Rosenblatt,Office Machines
437,Dorothy Badders,Storage & Organization
438,Dorothy Badders,Tables
439,Mike Pelletier,Labels
440,Mike Pelletier,Pens & Art Supplies
441,Doug Bickford,Storage & Organization
442,Doug Bickford,Tables
443,Susan Vittorini,Office Machines
444,Andrew Gjertsen,Pens & Art Supplies
445,Muhammed MacIntyre,Office Machines
446,Muhammed MacIntyre,Pens & Art Supplies
447,Muhammed MacIntyre,Pens & Art Supplies
448,Muhammed MacIntyre,Rubber Bands
449,Jim Radford,Office Furnishings
450,Bryan Davis,Labels
451,Anthony Johnson,Binders and Binder Accessories
452,Anthony Johnson,Office Furnishings
453,Doug Bickford,Bookcases
454,Carlos Daly,Telephones and Communication
455,Don Miller,Appliances
456,Don Jones,Appliances
457,Chad Cunningham,Paper
458,Ralph Arnett,Pens & Art Supplies
459,Ralph Arnett,Pens & Art Supplies
460,Nicole Hansen,Office Furnishings
461,Fred Wasserman,Computer Peripherals
462,Bryan Mills,Chairs & Chairmats
463,Ralph Arnett,Storage & Organization
464,Doug Bickford,Computer Peripherals
465,Eugene Barchas,Binders and Binder Accessories
466,Brad Eason,Office Furnishings
467,Brad Eason,Storage & Organization
468,Dorothy Wardle,Office Machines
469,Ralph Knight,Paper
470,Sylvia Foulston,Telephones and Communication
471,Neola Schneider,Labels
472,Neola Schneider,Tables
473,Grant Carroll,Binders and Binder Accessories
474,Grant Carroll,Labels
475,Grant Carroll,Paper
476,Julia West,Office Furnishings
477,Muhammed MacIntyre,Paper
478,Susan Vittorini,Binders and Binder Accessories
479,Sylvia Foulston,Appliances
480,Doug Bickford,Office Furnishings
481,Doug Bickford,Paper
482,Doug Bickford,Storage & Organization
483,Dorothy Badders,Office Furnishings
484,Henry Goldwyn,Chairs & Chairmats
485,Henry Goldwyn,Chairs & Chairmats
486,Henry Goldwyn,Computer Peripherals
487,Grant Carroll,Pens & Art Supplies
488,Chad Cunningham,Binders and Binder Accessories
489,Beth Thompson,Computer Peripherals
490,Beth Thompson,Office Furnishings
491,Andrew Gjertsen,Labels
492,Andrew Gjertsen,Pens & Art Supplies
493,Sylvia Foulston,Tables
494,Michelle Lonsdale,Appliances
495,Michelle Lonsdale,Chairs & Chairmats
496,Cari Schnelling,Paper
497,Henry Goldwyn,Labels
498,Edward Hooks,Office Machines
499,Brendan Dodson,Binders and Binder Accessories
500,Brendan Dodson,Office Furnishings
501,Harold Engle,Binders and Binder Accessories
502,Roy French,Office Machines
503,Helen Abelman,Telephones and Communication
504,Guy Armstrong,Computer Peripherals
505,Jennifer Braxton,Storage & Organization
506,Giulietta Baptist,Pens & Art Supplies
507,Jack Lebron,Appliances
508,Jack Lebron,Storage & Organization
509,Erica Bern,Binders and Binder Accessories
510,Erica Bern,Labels
511,Helen Abelman,Chairs & Chairmats
512,Guy Armstrong,Envelopes
513,Helen Abelman,Computer Peripherals
514,Christopher Schild,Computer Peripherals
515,Roy French,Telephones and Communication
516,Roy French,Appliances
517,Jennifer Braxton,Bookcases
518,Jennifer Braxton,Binders and Binder Accessories
519,Joy Smith,Binders and Binder Accessories
520,Evan Minnotte,Pens & Art Supplies
521,Evan Minnotte,Pens & Art Supplies
522,Jenna Caffey,"Scissors, Rulers and Trimmers"
523,Harold Engle,Binders and Binder Accessories
524,Harold Engle,Bookcases
525,Harold Engle,Telephones and Communication
526,Harold Engle,Labels
527,Harold Engle,Storage & Organization
528,Hilary Holden,Office Furnishings
529,Hilary Holden,"Scissors, Rulers and Trimmers"
530,Hilary Holden,Copiers and Fax
531,Hilary Holden,Telephones and Communication
532,Christopher Schild,Pens & Art Supplies
533,Harold Engle,Envelopes
534,Greg Guthrie,Binders and Binder Accessories
535,Greg Guthrie,Office Furnishings
536,Greg Guthrie,Paper
537,Greg Guthrie,Pens & Art Supplies
538,Guy Armstrong,Envelopes
539,Guy Armstrong,Pens & Art Supplies
540,Joy Smith,Binders and Binder Accessories
541,Joy Smith,Binders and Binder Accessories
542,Erica Bern,Computer Peripherals
543,Erica Bern,Office Furnishings
544,Dan Reichenbach,Paper
545,Erica Bern,Computer Peripherals
546,Guy Armstrong,Chairs & Chairmats
547,Guy Armstrong,Storage & Organization
548,Evan Minnotte,Paper
549,Joy Smith,Paper
550,Joy Smith,Paper
551,Joy Smith,Telephones and Communication
552,Paul Gonzalez,Office Furnishings
553,Filia McAdams,Telephones and Communication
554,Joy Smith,Paper
555,Greg Guthrie,Bookcases
556,Greg Guthrie,Chairs & Chairmats
557,Joy Smith,Paper
558,Joy Smith,Computer Peripherals
559,Greg Guthrie,Appliances
560,Greg Guthrie,Pens & Art Supplies
561,Jack Lebron,Computer Peripherals
562,Joy Smith,Office Furnishings
563,Evan Minnotte,Binders and Binder Accessories
564,Chuck Magee,Office Furnishings
565,Chuck Magee,Pens & Art Supplies
566,Filia McAdams,Paper
567,Jack Lebron,Office Machines
568,Jack Lebron,Telephones and Communication
569,Jack Lebron,Copiers and Fax
570,Harold Engle,Bookcases
571,Harold Engle,Office Furnishings
572,Jack Lebron,Binders and Binder Accessories
573,Jack Lebron,Computer Peripherals
574,Frank Atkinson,Pens & Art Supplies
575,Frank Atkinson,Tables
576,Jack Lebron,Appliances
577,Jack Lebron,Tables
578,Evan Minnotte,Computer Peripherals
579,Joy Smith,Paper
580,Dan Reichenbach,Office Furnishings
581,Jack Lebron,Telephones and Communication
582,Frank Atkinson,Paper
583,Frank Atkinson,Telephones and Communication
584,Erica Bern,Copiers and Fax
585,Jack Lebron,Appliances
586,Filia McAdams,Binders and Binder Accessories
587,Jack Lebron,Binders and Binder Accessories
588,Jack Lebron,Office Furnishings
589,Giulietta Baptist,Pens & Art Supplies
590,Joy Smith,Appliances
591,Joy Smith,Pens & Art Supplies
592,Joy Smith,Tables
593,Greg Guthrie,Office Furnishings
594,Carlos Soltero,Computer Peripherals
595,Carlos Soltero,Office Furnishings
596,Harold Engle,Storage & Organization
597,Erica Bern,Telephones and Communication
598,Erica Bern,Binders and Binder Accessories
599,Hilary Holden,Paper
600,Hilary Holden,Paper
601,Jack Lebron,Telephones and Communication
602,Filia McAdams,Chairs & Chairmats
603,Filia McAdams,Copiers and Fax
604,Greg Guthrie,Envelopes
605,Greg Guthrie,Office Furnishings
606,Harold Engle,Office Machines
607,Philip Brown,Rubber Bands
608,Helen Abelman,Appliances
609,Hilary Holden,Appliances
610,Hilary Holden,Copiers and Fax
611,Christopher Schild,Office Furnishings
612,Carlos Soltero,Envelopes
613,Carlos Soltero,Pens & Art Supplies
614,Erica Bern,Binders and Binder Accessories
615,Erica Bern,Copiers and Fax
616,Erica Bern,Pens & Art Supplies
617,Erica Bern,Tables
618,Joy Smith,Computer Peripherals
619,Joy Smith,Telephones and Communication
620,Christopher Schild,Computer Peripherals
621,Christopher Schild,Office Furnishings
622,Christopher Schild,Pens & Art Supplies
623,Christopher Schild,Telephones and Communication
624,Evan Minnotte,Copiers and Fax
625,Christopher Schild,Office Furnishings
626,Greg Guthrie,Pens & Art Supplies
627,Harold Engle,Pens & Art Supplies
628,Philip Brown,Paper
629,Carlos Soltero,Binders and Binder Accessories
630,Jennifer Braxton,Binders and Binder Accessories
631,Dan Reichenbach,Labels
632,Dan Reichenbach,Office Furnishings
633,Dan Reichenbach,Paper
634,Carlos Soltero,Office Furnishings
635,Carlos Soltero,Computer Peripherals
636,Carlos Soltero,Paper
637,Giulietta Baptist,Computer Peripherals
638,Jack Lebron,Copiers and Fax
639,Guy Armstrong,Pens & Art Supplies
640,Hilary Holden,Binders and Binder Accessories
641,Jack Lebron,Appliances
642,Erica Bern,Envelopes
643,Erica Bern,Paper
644,Harold Engle,Binders and Binder Accessories
645,Harold Engle,Office Furnishings
646,Jim Sink,Envelopes
647,Jennifer Braxton,Binders and Binder Accessories
648,Jennifer Braxton,Computer Peripherals
649,Jennifer Braxton,Storage & Organization
650,Joy Smith,Binders and Binder Accessories
651,Joy Smith,Chairs & Chairmats
652,Harold Engle,Paper
653,Philip Brown,Chairs & Chairmats
654,Philip Brown,Office Furnishings
655,Philip Brown,Office Furnishings
656,Giulietta Baptist,Computer Peripherals
657,Giulietta Baptist,Computer Peripherals
658,Paul Gonzalez,Binders and Binder Accessories
659,Logan Haushalter,Binders and Binder Accessories
660,Logan Haushalter,Office Machines
661,Filia McAdams,Chairs & Chairmats
662,Carlos Soltero,Office Furnishings
663,Carlos Soltero,Telephones and Communication
664,Erica Bern,Computer Peripherals
665,Erica Bern,Paper
666,Greg Guthrie,Tables
667,Dan Reichenbach,Paper
668,Jim Sink,Office Furnishings
669,Jim Sink,Pens & Art Supplies
670,Carlos Soltero,Binders and Binder Accessories
671,Carlos Soltero,Paper
672,Carlos Soltero,Tables
673,Chuck Magee,Paper
674,Philip Brown,Binders and Binder Accessories
675,Hilary Holden,Office Furnishings
676,Hilary Holden,Office Furnishings
677,Hilary Holden,Office Furnishings
678,Hilary Holden,Paper
679,Greg Guthrie,Appliances
680,Jennifer Braxton,Telephones and Communication
681,Jennifer Braxton,Telephones and Communication
682,Erica Bern,Envelopes
683,Jim Sink,Telephones and Communication
684,Noah Childs,Binders and Binder Accessories
685,Noah Childs,Office Machines
686,Noah Childs,Paper
687,Evan Minnotte,Office Machines
688,Guy Armstrong,Bookcases
689,Guy Armstrong,Storage & Organization
690,Guy Armstrong,Tables
691,Chuck Magee,Computer Peripherals
692,Greg Guthrie,Binders and Binder Accessories
693,Greg Guthrie,Tables
694,Carlos Soltero,Telephones and Communication
695,Greg Guthrie,Office Furnishings
696,Greg Guthrie,Paper
697,Greg Guthrie,Tables
698,Carlos Soltero,Binders and Binder Accessories
699,Carlos Soltero,Office Furnishings
700,Greg Guthrie,Appliances
701,Greg Guthrie,Office Furnishings
702,Christopher Schild,Appliances
703,Joy Smith,Chairs & Chairmats
704,Joy Smith,Chairs & Chairmats
705,Joy Smith,Paper
706,Joy Smith,Storage & Organization
707,Joy Smith,Computer Peripherals
708,Joy Smith,Office Machines
709,Joy Smith,Paper
710,Guy Armstrong,Storage & Organization
711,Brian Moss,Appliances
712,Brian Moss,Binders and Binder Accessories
713,Logan Haushalter,Telephones and Communication
714,Guy Armstrong,Telephones and Communication
715,Guy Armstrong,Office Machines
716,Guy Armstrong,Storage & Organization
717,Christopher Schild,Telephones and Communication
718,Jim Sink,Storage & Organization
719,Carlos Soltero,Chairs & Chairmats
720,Jennifer Braxton,Envelopes
721,Brian Moss,Telephones and Communication
722,Harold Engle,Paper
723,Harold Engle,Tables
724,Carlos Soltero,Paper
725,Hilary Holden,Chairs & Chairmats
726,Hilary Holden,Paper
727,Logan Haushalter,Binders and Binder Accessories
728,Guy Armstrong,"Scissors, Rulers and Trimmers"
729,Erica Bern,"Scissors, Rulers and Trimmers"
730,Logan Haushalter,Office Furnishings
731,Logan Haushalter,Telephones and Communication
732,Harold Engle,Chairs & Chairmats
733,Christopher Schild,Computer Peripherals
734,Helen Abelman,Paper
735,Helen Abelman,Paper
736,Jack Lebron,Office Furnishings
737,Jack Lebron,Bookcases
738,Jack Lebron,Office Furnishings
739,Giulietta Baptist,Computer Peripherals
740,Giulietta Baptist,Paper
741,Jim Sink,Paper
742,Julie Creighton,Pens & Art Supplies
743,Julie Creighton,Telephones and Communication
744,Sanjit Chand,Storage & Organization
745,Matt Collins,Pens & Art Supplies
746,Matt Collins,Storage & Organization
747,Matt Collins,Computer Peripherals
748,Matt Collins,Telephones and Communication
749,Justin Knight,Paper
750,Rob Haberlin,Chairs & Chairmats
751,Rob Haberlin,Storage & Organization
752,Rob Haberlin,Computer Peripherals
753,Rob Haberlin,Labels
754,Rob Haberlin,Storage & Organization
755,Christina Vanderzanden,Computer Peripherals
756,Christina Vanderzanden,Storage & Organization
757,Matt Collins,Appliances
758,Matt Collins,Telephones and Communication
759,Sanjit Chand,Copiers and Fax
760,Matt Collins,Office Furnishings
761,Justin Knight,Office Furnishings
762,Justin Knight,Tables
763,Rob Haberlin,Paper
764,Lena Cacioppo,Computer Peripherals
765,Lena Cacioppo,Labels
766,Kimberly Carter,Bookcases
767,Gene Hale,Chairs & Chairmats
768,Christina Vanderzanden,Computer Peripherals
769,Matt Collins,Storage & Organization
770,Sally Knutson,Binders and Binder Accessories
771,Kimberly Carter,Computer Peripherals
772,Christina Vanderzanden,Pens & Art Supplies
773,Christina Vanderzanden,Telephones and Communication
774,Kimberly Carter,Paper
775,Kimberly Carter,Computer Peripherals
776,Rob Haberlin,Pens & Art Supplies
777,Rob Haberlin,Telephones and Communication
778,Rob Haberlin,Telephones and Communication
779,Justin Knight,Storage & Organization
780,Justin Knight,Bookcases
781,Justin Knight,Telephones and Communication
782,Christina Vanderzanden,Rubber Bands
783,Marina Lichtenstein,Paper
784,Marina Lichtenstein,Telephones and Communication
785,Justin Knight,Binders and Binder Accessories
786,Justin Knight,Storage & Organization
787,Gene Hale,Binders and Binder Accessories
788,Gene Hale,Chairs & Chairmats
789,Gene Hale,Storage & Organization
790,Rob Haberlin,Computer Peripherals
791,Gene Hale,Pens & Art Supplies
792,Gene Hale,Storage & Organization
793,Michelle Arnett,Binders and Binder Accessories
794,Sally Knutson,Storage & Organization
795,Rob Haberlin,Office Furnishings
796,Justin Knight,Pens & Art Supplies
797,Justin Knight,"Scissors, Rulers and Trimmers"
798,Justin Knight,Paper
799,Lena Cacioppo,Telephones and Communication
800,Seth Vernon,Binders and Binder Accessories
801,Seth Vernon,Bookcases
802,Seth Vernon,Paper
803,Gene Hale,Office Furnishings
804,Luke Weiss,Envelopes
805,Justin Knight,Binders and Binder Accessories
806,Rob Haberlin,Storage & Organization
807,Julie Creighton,Telephones and Communication
808,Sanjit Chand,Office Machines
809,Justin Knight,Binders and Binder Accessories
810,Justin Knight,Binders and Binder Accessories
811,Justin Knight,Computer Peripherals
812,Justin Knight,Binders and Binder Accessories
813,Justin Knight,Binders and Binder Accessories
814,Justin Knight,Storage & Organization
815,Luke Weiss,Telephones and Communication
816,Luke Weiss,Office Furnishings
817,Christina Vanderzanden,Computer Peripherals
818,Christina Vanderzanden,Paper
819,Lena Cacioppo,Paper
820,Seth Vernon,Paper
821,Sanjit Chand,Envelopes
822,Sanjit Chand,Office Furnishings
823,Julie Creighton,Computer Peripherals
824,Sanjit Chand,Office Furnishings
825,Sanjit Chand,Paper
826,Sanjit Chand,Telephones and Communication
827,Anthony Johnson,Pens & Art Supplies
828,Anthony Johnson,Paper
829,Kimberly Carter,Appliances
830,Kimberly Carter,Paper
831,Marina Lichtenstein,Chairs & Chairmats
832,Sanjit Chand,Envelopes
833,Sally Knutson,Appliances
834,Sally Knutson,Envelopes
835,Luke Weiss,"Scissors, Rulers and Trimmers"
836,Anthony Johnson,Appliances
837,Michelle Arnett,Telephones and Communication
838,Luke Weiss,Paper
839,Luke Weiss,Telephones and Communication
840,Luke Weiss,Office Machines
841,Luke Weiss,Telephones and Communication
842,Rob Haberlin,Binders and Binder Accessories
843,Julie Creighton,Binders and Binder Accessories
844,Julie Creighton,Computer Peripherals
845,Justin Knight,Office Furnishings
846,Sally Knutson,Appliances
847,Sally Knutson,Binders and Binder Accessories
848,Sally Knutson,Labels
849,Michelle Arnett,Appliances
850,Michelle Arnett,Binders and Binder Accessories
851,Julie Creighton,"Scissors, Rulers and Trimmers"
852,Sally Knutson,Paper
853,Sally Knutson,Paper
854,Sally Knutson,Pens & Art Supplies
855,Sally Knutson,Tables
856,Kimberly Carter,Binders and Binder Accessories
857,Rob Haberlin,Binders and Binder Accessories
858,Rob Haberlin,Labels
859,Sally Knutson,Labels
860,Sally Knutson,Office Furnishings
861,Marina Lichtenstein,Binders and Binder Accessories
862,Christina DeMoss,Labels
863,Christina DeMoss,Paper
864,Luke Weiss,Pens & Art Supplies
865,Sally Knutson,Binders and Binder Accessories
866,Michelle Arnett,Labels
867,Michelle Arnett,Rubber Bands
868,Sanjit Chand,Telephones and Communication
869,Anthony Johnson,Appliances
870,Anthony Johnson,Binders and Binder Accessories
871,Anthony Johnson,Computer Peripherals
872,Luke Weiss,Office Furnishings
873,Luke Weiss,Office Furnishings
874,Rob Haberlin,Chairs & Chairmats
875,Monica Federle,Office Furnishings
876,Monica Federle,Paper
877,Kimberly Carter,Office Furnishings
878,Michelle Arnett,Binders and Binder Accessories
879,Michelle Arnett,Telephones and Communication
880,Sanjit Chand,Office Furnishings
881,Sanjit Chand,Tables
882,Marina Lichtenstein,Envelopes
883,Joy Smith,Paper
884,Christina DeMoss,Storage & Organization
885,Monica Federle,Rubber Bands
886,Monica Federle,Storage & Organization
887,Michelle Arnett,Binders and Binder Accessories
888,Michelle Arnett,Chairs & Chairmats
889,Michelle Arnett,Rubber Bands
890,Michelle Arnett,Tables
891,Michelle Arnett,Office Furnishings
892,Michelle Arnett,Storage & Organization
893,Sally Knutson,Rubber Bands
894,Sally Knutson,Computer Peripherals
895,Christina DeMoss,Telephones and Communication
896,Joy Smith,Bookcases
897,Joy Smith,Office Machines
898,Sonia Sunley,Telephones and Communication
899,Anthony O'Donnell,Appliances
900,Anthony O'Donnell,Office Furnishings
901,Emily Grady,Computer Peripherals
902,Emily Grady,Pens & Art Supplies
903,Alex Avila,Appliances
904,Alex Avila,Telephones and Communication
905,Alex Avila,Telephones and Communication
906,Brian Moss,Chairs & Chairmats
907,Emily Grady,Office Furnishings
908,Emily Grady,Telephones and Communication
909,Anna Andreadi,Paper
910,Anna Andreadi,Telephones and Communication
911,Emily Grady,Computer Peripherals
912,Barbara Fisher,Binders and Binder Accessories
913,Barbara Fisher,Bookcases
914,Emily Grady,"Scissors, Rulers and Trimmers"
915,Kelly Williams,Envelopes
916,Sonia Sunley,Computer Peripherals
917,Sonia Sunley,"Scissors, Rulers and Trimmers"
918,Sonia Sunley,Chairs & Chairmats
919,Sonia Sunley,Chairs & Chairmats
920,Sonia Sunley,Tables
921,Sonia Sunley,Computer Peripherals
922,Jocasta Rupert,"Scissors, Rulers and Trimmers"
923,Sonia Sunley,Envelopes
924,Kelly Williams,Binders and Binder Accessories
925,Anna Andreadi,Paper
926,Rick Duston,Paper
927,Sonia Sunley,Binders and Binder Accessories
928,Angele Hood,Binders and Binder Accessories
929,Sonia Sunley,Labels
930,Sonia Sunley,Bookcases
931,Sonia Sunley,Paper
932,Sonia Sunley,Storage & Organization
933,Sonia Sunley,Appliances
934,Dennis Bolton,Office Furnishings
935,Stewart Carmichael,Pens & Art Supplies
936,Dennis Bolton,Labels
937,Sonia Sunley,Labels
938,Sonia Sunley,"Scissors, Rulers and Trimmers"
939,Stewart Carmichael,Appliances
940,Kelly Williams,Envelopes
941,Sonia Sunley,Computer Peripherals
942,Kelly Williams,Computer Peripherals
943,Sonia Sunley,Binders and Binder Accessories
944,Sonia Sunley,Chairs & Chairmats
945,Sonia Sunley,Pens & Art Supplies
946,Sonia Sunley,Chairs & Chairmats
947,Sonia Sunley,Paper
948,Anna Andreadi,Appliances
949,Seth Vernon,Copiers and Fax
950,Seth Vernon,Paper
951,Seth Vernon,Storage & Organization
952,Alex Avila,Telephones and Communication
953,Sarah Foster,Pens & Art Supplies
954,Alex Avila,Computer Peripherals
955,Alex Avila,Paper
956,Anna Andreadi,Paper
957,Angele Hood,Bookcases
958,Sonia Sunley,Binders and Binder Accessories
959,Kelly Williams,Telephones and Communication
960,Anna Andreadi,Tables
961,Alex Avila,Paper
962,Jim Karlsson,Computer Peripherals
963,Sonia Sunley,Paper
964,Alex Avila,Telephones and Communication
965,Lisa DeCherney,Chairs & Chairmats
966,Barbara Fisher,Binders and Binder Accessories
967,Barbara Fisher,Labels
968,Barbara Fisher,Telephones and Communication
969,Lisa DeCherney,Paper
970,Lisa DeCherney,Tables
971,Lisa DeCherney,Tables
972,Lisa DeCherney,Telephones and Communication
973,Barbara Fisher,Chairs & Chairmats
974,Barbara Fisher,Computer Peripherals
975,Barbara Fisher,Paper
976,Alex Avila,Office Furnishings
977,Roy Skaria,Telephones and Communication
978,Angele Hood,Chairs & Chairmats
979,Seth Vernon,Paper
980,Seth Vernon,Telephones and Communication
981,Sarah Foster,Binders and Binder Accessories
982,Kelly Williams,Computer Peripherals
983,Dennis Bolton,Binders and Binder Accessories
984,Dennis Bolton,Envelopes
985,Roy Skaria,Computer Peripherals
986,Jim Karlsson,Binders and Binder Accessories
987,Jim Karlsson,Chairs & Chairmats
988,Barbara Fisher,Binders and Binder Accessories
989,Anna Andreadi,Paper
990,Seth Vernon,Rubber Bands
991,Alex Avila,Chairs & Chairmats
992,Alex Avila,Computer Peripherals
993,Alex Avila,Telephones and Communication
994,Sonia Sunley,Chairs & Chairmats
995,Lisa DeCherney,Labels
996,Dennis Bolton,Paper
997,Anthony O'Donnell,Office Furnishings
998,Barbara Fisher,Computer Peripherals
999,Barbara Fisher,Office Furnishings
1000,Barbara Fisher,Paper
